parametro_barrido,valor_barrido,seed_meta,n,ants,iters,K,alpha,beta,rho,qfac,two,alpha2,seed,n,m_csv,K_csv,two_csv,iters_hechas,L_mejor,L_nn,t_preparacion,t_aco,pico_mem_mb,t_reloj_total_s
alpha,0.5,1,2000,2000,50,10,0.5,3,0.1,1,0,0.3,1,2000,2000,10,0,50,42.073969,41.694054,0.006,6.907,5.7,6.941
alpha,0.5,2,2000,2000,50,10,0.5,3,0.1,1,0,0.3,2,2000,2000,10,0,50,41.937086,40.862855,0.006,7.030,5.7,7.063
alpha,0.5,3,2000,2000,50,10,0.5,3,0.1,1,0,0.3,3,2000,2000,10,0,50,41.518723,40.504461,0.006,6.971,5.7,7.013
alpha,0.5,4,2000,2000,50,10,0.5,3,0.1,1,0,0.3,4,2000,2000,10,0,50,42.165118,40.295868,0.006,7.252,5.7,7.286
alpha,0.5,5,2000,2000,50,10,0.5,3,0.1,1,0,0.3,5,2000,2000,10,0,50,41.384189,40.299502,0.006,8.414,5.7,8.455
alpha,1,1,2000,2000,50,10,1,3,0.1,1,0,0.3,1,2000,2000,10,0,50,39.430776,41.694054,0.006,6.950,5.6,6.989
alpha,1,2,2000,2000,50,10,1,3,0.1,1,0,0.3,2,2000,2000,10,0,50,39.147247,40.862855,0.006,6.832,5.7,6.872
alpha,1,3,2000,2000,50,10,1,3,0.1,1,0,0.3,3,2000,2000,10,0,50,38.437512,40.504461,0.006,6.887,5.7,6.922
alpha,1,4,2000,2000,50,10,1,3,0.1,1,0,0.3,4,2000,2000,10,0,50,39.395629,40.295868,0.006,7.099,5.7,7.138
alpha,1,5,2000,2000,50,10,1,3,0.1,1,0,0.3,5,2000,2000,10,0,50,38.943480,40.299502,0.006,6.684,5.7,6.722
alpha,1.5,1,2000,2000,50,10,1.5,3,0.1,1,0,0.3,1,2000,2000,10,0,50,38.262874,41.694054,0.005,6.531,5.7,6.565
alpha,1.5,2,2000,2000,50,10,1.5,3,0.1,1,0,0.3,2,2000,2000,10,0,50,38.195965,40.862855,0.005,7.381,5.7,7.410
alpha,1.5,3,2000,2000,50,10,1.5,3,0.1,1,0,0.3,3,2000,2000,10,0,50,37.423892,40.504461,0.006,7.049,5.7,7.085
alpha,1.5,4,2000,2000,50,10,1.5,3,0.1,1,0,0.3,4,2000,2000,10,0,50,38.087286,40.295868,0.006,7.071,5.7,7.109
alpha,1.5,5,2000,2000,50,10,1.5,3,0.1,1,0,0.3,5,2000,2000,10,0,50,37.877798,40.299502,0.006,7.410,5.7,7.452
alpha,2,1,2000,2000,50,10,2,3,0.1,1,0,0.3,1,2000,2000,10,0,50,37.855749,41.694054,0.006,7.243,5.7,7.286
alpha,2,2,2000,2000,50,10,2,3,0.1,1,0,0.3,2,2000,2000,10,0,50,37.938885,40.862855,0.006,7.277,5.7,7.314
alpha,2,3,2000,2000,50,10,2,3,0.1,1,0,0.3,3,2000,2000,10,0,50,37.546147,40.504461,0.006,7.504,5.7,7.542
alpha,2,4,2000,2000,50,10,2,3,0.1,1,0,0.3,4,2000,2000,10,0,50,37.605125,40.295868,0.006,6.873,5.6,6.915
alpha,2,5,2000,2000,50,10,2,3,0.1,1,0,0.3,5,2000,2000,10,0,50,37.520278,40.299502,0.006,6.857,5.7,6.893
beta,1,1,2000,2000,50,10,1,1,0.1,1,0,0.3,1,2000,2000,10,0,50,44.592026,41.694054,0.004,7.315,5.6,7.343
beta,1,2,2000,2000,50,10,1,1,0.1,1,0,0.3,2,2000,2000,10,0,50,43.636454,40.862855,0.006,7.823,5.6,7.860
beta,1,3,2000,2000,50,10,1,1,0.1,1,0,0.3,3,2000,2000,10,0,50,43.853207,40.504461,0.006,6.556,5.7,6.596
beta,1,4,2000,2000,50,10,1,1,0.1,1,0,0.3,4,2000,2000,10,0,50,44.778223,40.295868,0.006,6.370,5.7,6.401
beta,1,5,2000,2000,50,10,1,1,0.1,1,0,0.3,5,2000,2000,10,0,50,44.381562,40.299502,0.003,5.959,5.7,5.979
beta,2,1,2000,2000,50,10,1,2,0.1,1,0,0.3,1,2000,2000,10,0,50,40.621468,41.694054,0.004,6.571,5.7,6.597
beta,2,2,2000,2000,50,10,1,2,0.1,1,0,0.3,2,2000,2000,10,0,50,40.152447,40.862855,0.006,7.716,5.7,7.756
beta,2,3,2000,2000,50,10,1,2,0.1,1,0,0.3,3,2000,2000,10,0,50,40.093203,40.504461,0.007,7.541,5.7,7.589
beta,2,4,2000,2000,50,10,1,2,0.1,1,0,0.3,4,2000,2000,10,0,50,40.617130,40.295868,0.006,7.059,5.7,7.096
beta,2,5,2000,2000,50,10,1,2,0.1,1,0,0.3,5,2000,2000,10,0,50,39.919247,40.299502,0.006,6.801,5.6,6.840
beta,3,1,2000,2000,50,10,1,3,0.1,1,0,0.3,1,2000,2000,10,0,50,39.371820,41.694054,0.003,4.596,5.7,4.613
beta,3,2,2000,2000,50,10,1,3,0.1,1,0,0.3,2,2000,2000,10,0,50,38.877784,40.862855,0.004,6.881,5.7,6.905
beta,3,3,2000,2000,50,10,1,3,0.1,1,0,0.3,3,2000,2000,10,0,50,38.770096,40.504461,0.006,6.774,5.7,6.805
beta,3,4,2000,2000,50,10,1,3,0.1,1,0,0.3,4,2000,2000,10,0,50,39.388991,40.295868,0.006,6.936,5.7,6.966
beta,3,5,2000,2000,50,10,1,3,0.1,1,0,0.3,5,2000,2000,10,0,50,38.903473,40.299502,0.006,6.963,5.7,6.993
beta,5,1,2000,2000,50,10,1,5,0.1,1,0,0.3,1,2000,2000,10,0,50,38.585079,41.694054,0.006,6.917,5.7,6.953
beta,5,2,2000,2000,50,10,1,5,0.1,1,0,0.3,2,2000,2000,10,0,50,38.676276,40.862855,0.006,7.437,5.7,7.477
beta,5,3,2000,2000,50,10,1,5,0.1,1,0,0.3,3,2000,2000,10,0,50,38.110380,40.504461,0.007,7.113,5.7,7.153
beta,5,4,2000,2000,50,10,1,5,0.1,1,0,0.3,4,2000,2000,10,0,50,38.460535,40.295868,0.006,8.792,5.7,8.826
beta,5,5,2000,2000,50,10,1,5,0.1,1,0,0.3,5,2000,2000,10,0,50,38.171805,40.299502,0.003,4.111,5.7,4.132
beta,8,1,2000,2000,50,10,1,8,0.1,1,0,0.3,1,2000,2000,10,0,50,38.449542,41.694054,0.004,3.911,5.7,3.937
beta,8,2,2000,2000,50,10,1,8,0.1,1,0,0.3,2,2000,2000,10,0,50,38.417135,40.862855,0.004,4.410,5.7,4.434
beta,8,3,2000,2000,50,10,1,8,0.1,1,0,0.3,3,2000,2000,10,0,50,37.603646,40.504461,0.003,4.098,5.7,4.122
beta,8,4,2000,2000,50,10,1,8,0.1,1,0,0.3,4,2000,2000,10,0,50,38.404208,40.295868,0.005,4.044,5.7,4.077
beta,8,5,2000,2000,50,10,1,8,0.1,1,0,0.3,5,2000,2000,10,0,50,38.025422,40.299502,0.007,4.401,5.7,4.446
rho,0.05,1,2000,2000,50,10,1,3,0.05,1,0,0.3,1,2000,2000,10,0,50,39.533640,41.694054,0.005,4.251,5.6,4.284
rho,0.05,2,2000,2000,50,10,1,3,0.05,1,0,0.3,2,2000,2000,10,0,50,39.489319,40.862855,0.005,4.254,5.6,4.285
rho,0.05,3,2000,2000,50,10,1,3,0.05,1,0,0.3,3,2000,2000,10,0,50,39.264748,40.504461,0.005,4.205,5.7,4.237
rho,0.05,4,2000,2000,50,10,1,3,0.05,1,0,0.3,4,2000,2000,10,0,50,39.750028,40.295868,0.003,4.112,5.7,4.138
rho,0.05,5,2000,2000,50,10,1,3,0.05,1,0,0.3,5,2000,2000,10,0,50,39.111506,40.299502,0.005,4.208,5.7,4.239
rho,0.1,1,2000,2000,50,10,1,3,0.1,1,0,0.3,1,2000,2000,10,0,50,39.391065,41.694054,0.003,3.894,5.7,3.912
rho,0.1,2,2000,2000,50,10,1,3,0.1,1,0,0.3,2,2000,2000,10,0,50,38.949674,40.862855,0.004,4.044,5.6,4.065
rho,0.1,3,2000,2000,50,10,1,3,0.1,1,0,0.3,3,2000,2000,10,0,50,38.825617,40.504461,0.004,4.093,5.6,4.114
rho,0.1,4,2000,2000,50,10,1,3,0.1,1,0,0.3,4,2000,2000,10,0,50,39.216597,40.295868,0.005,3.982,5.7,4.005
rho,0.1,5,2000,2000,50,10,1,3,0.1,1,0,0.3,5,2000,2000,10,0,50,38.732272,40.299502,0.005,4.193,5.7,4.216
rho,0.3,1,2000,2000,50,10,1,3,0.3,1,0,0.3,1,2000,2000,10,0,50,38.935339,41.694054,0.005,3.966,5.7,3.997
rho,0.3,2,2000,2000,50,10,1,3,0.3,1,0,0.3,2,2000,2000,10,0,50,38.756037,40.862855,0.005,4.033,5.7,4.063
rho,0.3,3,2000,2000,50,10,1,3,0.3,1,0,0.3,3,2000,2000,10,0,50,37.896870,40.504461,0.005,3.964,5.6,3.998
rho,0.3,4,2000,2000,50,10,1,3,0.3,1,0,0.3,4,2000,2000,10,0,50,38.914993,40.295868,0.005,3.794,5.7,3.823
rho,0.3,5,2000,2000,50,10,1,3,0.3,1,0,0.3,5,2000,2000,10,0,50,38.234319,40.299502,0.005,3.666,5.6,3.696
rho,0.5,1,2000,2000,50,10,1,3,0.5,1,0,0.3,1,2000,2000,10,0,50,38.801177,41.694054,0.002,4.461,5.7,4.480
rho,0.5,2,2000,2000,50,10,1,3,0.5,1,0,0.3,2,2000,2000,10,0,50,38.469764,40.862855,0.004,4.569,5.7,4.602
rho,0.5,3,2000,2000,50,10,1,3,0.5,1,0,0.3,3,2000,2000,10,0,50,38.047354,40.504461,0.004,3.855,5.7,3.881
rho,0.5,4,2000,2000,50,10,1,3,0.5,1,0,0.3,4,2000,2000,10,0,50,38.406043,40.295868,0.005,3.950,5.7,3.983
rho,0.5,5,2000,2000,50,10,1,3,0.5,1,0,0.3,5,2000,2000,10,0,50,38.196767,40.299502,0.005,3.980,5.7,4.010
qfac,0.5,1,2000,2000,50,10,1,3,0.1,0.5,0,0.3,1,2000,2000,10,0,50,39.582720,41.694054,0.004,4.028,5.7,4.055
qfac,0.5,2,2000,2000,50,10,1,3,0.1,0.5,0,0.3,2,2000,2000,10,0,50,39.381300,40.862855,0.005,4.304,5.7,4.333
qfac,0.5,3,2000,2000,50,10,1,3,0.1,0.5,0,0.3,3,2000,2000,10,0,50,38.758116,40.504461,0.004,3.950,5.7,3.976
qfac,0.5,4,2000,2000,50,10,1,3,0.1,0.5,0,0.3,4,2000,2000,10,0,50,39.599683,40.295868,0.005,4.087,5.7,4.118
qfac,0.5,5,2000,2000,50,10,1,3,0.1,0.5,0,0.3,5,2000,2000,10,0,50,39.088883,40.299502,0.005,4.015,5.7,4.046
qfac,1,1,2000,2000,50,10,1,3,0.1,1,0,0.3,1,2000,2000,10,0,50,38.854155,41.694054,0.005,3.844,5.7,3.868
qfac,1,2,2000,2000,50,10,1,3,0.1,1,0,0.3,2,2000,2000,10,0,50,39.103890,40.862855,0.004,3.982,5.7,4.003
qfac,1,3,2000,2000,50,10,1,3,0.1,1,0,0.3,3,2000,2000,10,0,50,38.632549,40.504461,0.003,3.662,5.7,3.679
qfac,1,4,2000,2000,50,10,1,3,0.1,1,0,0.3,4,2000,2000,10,0,50,39.327052,40.295868,0.003,3.936,5.7,3.956
qfac,1,5,2000,2000,50,10,1,3,0.1,1,0,0.3,5,2000,2000,10,0,50,39.020732,40.299502,0.004,4.087,5.7,4.108
qfac,3,1,2000,2000,50,10,1,3,0.1,3,0,0.3,1,2000,2000,10,0,50,39.354596,41.694054,0.005,4.051,5.7,4.083
qfac,3,2,2000,2000,50,10,1,3,0.1,3,0,0.3,2,2000,2000,10,0,50,38.960717,40.862855,0.004,4.037,5.7,4.063
qfac,3,3,2000,2000,50,10,1,3,0.1,3,0,0.3,3,2000,2000,10,0,50,38.544976,40.504461,0.003,3.600,5.6,3.624
qfac,3,4,2000,2000,50,10,1,3,0.1,3,0,0.3,4,2000,2000,10,0,50,39.155602,40.295868,0.003,3.820,5.7,3.844
qfac,3,5,2000,2000,50,10,1,3,0.1,3,0,0.3,5,2000,2000,10,0,50,38.721221,40.299502,0.005,4.043,5.7,4.073
qfac,10,1,2000,2000,50,10,1,3,0.1,10,0,0.3,1,2000,2000,10,0,50,39.023377,41.694054,0.005,3.896,5.7,3.924
qfac,10,2,2000,2000,50,10,1,3,0.1,10,0,0.3,2,2000,2000,10,0,50,38.908978,40.862855,0.004,3.452,5.7,3.482
qfac,10,3,2000,2000,50,10,1,3,0.1,10,0,0.3,3,2000,2000,10,0,50,38.471702,40.504461,0.003,3.426,5.7,3.443
qfac,10,4,2000,2000,50,10,1,3,0.1,10,0,0.3,4,2000,2000,10,0,50,39.022217,40.295868,0.003,3.541,5.7,3.561
qfac,10,5,2000,2000,50,10,1,3,0.1,10,0,0.3,5,2000,2000,10,0,50,38.705044,40.299502,0.003,3.515,5.7,3.532
K,5,1,2000,2000,50,5,1,3,0.1,1,0,0.3,1,2000,2000,5,0,50,39.033613,41.694054,0.002,2.899,5.4,2.917
K,5,2,2000,2000,50,5,1,3,0.1,1,0,0.3,2,2000,2000,5,0,50,38.820912,40.862855,0.005,3.026,5.4,3.052
K,5,3,2000,2000,50,5,1,3,0.1,1,0,0.3,3,2000,2000,5,0,50,38.414796,40.504461,0.002,2.987,5.4,3.004
K,5,4,2000,2000,50,5,1,3,0.1,1,0,0.3,4,2000,2000,5,0,50,39.159162,40.295868,0.003,3.093,5.4,3.115
K,5,5,2000,2000,50,5,1,3,0.1,1,0,0.3,5,2000,2000,5,0,50,38.684897,40.299502,0.004,2.995,5.4,3.025
K,8,1,2000,2000,50,8,1,3,0.1,1,0,0.3,1,2000,2000,8,0,50,39.244473,41.694054,0.004,3.878,5.6,3.916
K,8,2,2000,2000,50,8,1,3,0.1,1,0,0.3,2,2000,2000,8,0,50,39.192683,40.862855,0.005,3.470,5.6,3.502
K,8,3,2000,2000,50,8,1,3,0.1,1,0,0.3,3,2000,2000,8,0,50,38.530157,40.504461,0.002,3.785,5.6,3.802
K,8,4,2000,2000,50,8,1,3,0.1,1,0,0.3,4,2000,2000,8,0,50,39.259556,40.295868,0.004,4.062,5.6,4.088
K,8,5,2000,2000,50,8,1,3,0.1,1,0,0.3,5,2000,2000,8,0,50,38.944262,40.299502,0.003,3.463,5.6,3.483
K,10,1,2000,2000,50,10,1,3,0.1,1,0,0.3,1,2000,2000,10,0,50,39.476719,41.694054,0.003,3.877,5.7,3.897
K,10,2,2000,2000,50,10,1,3,0.1,1,0,0.3,2,2000,2000,10,0,50,39.258141,40.862855,0.004,4.000,5.7,4.023
K,10,3,2000,2000,50,10,1,3,0.1,1,0,0.3,3,2000,2000,10,0,50,38.797671,40.504461,0.003,4.036,5.6,4.058
K,10,4,2000,2000,50,10,1,3,0.1,1,0,0.3,4,2000,2000,10,0,50,39.149151,40.295868,0.003,3.812,5.7,3.828
K,10,5,2000,2000,50,10,1,3,0.1,1,0,0.3,5,2000,2000,10,0,50,38.975936,40.299502,0.003,4.024,5.7,4.045
K,16,1,2000,2000,50,16,1,3,0.1,1,0,0.3,1,2000,2000,16,0,50,39.573888,41.694054,0.005,5.210,5.9,5.246
K,16,2,2000,2000,50,16,1,3,0.1,1,0,0.3,2,2000,2000,16,0,50,39.375576,40.862855,0.005,5.175,6.0,5.208
K,16,3,2000,2000,50,16,1,3,0.1,1,0,0.3,3,2000,2000,16,0,50,39.037595,40.504461,0.005,5.075,5.9,5.107
K,16,4,2000,2000,50,16,1,3,0.1,1,0,0.3,4,2000,2000,16,0,50,39.439510,40.295868,0.004,5.144,5.9,5.173
K,16,5,2000,2000,50,16,1,3,0.1,1,0,0.3,5,2000,2000,16,0,50,39.103631,40.299502,0.005,5.809,5.9,5.847
K,20,1,2000,2000,50,20,1,3,0.1,1,0,0.3,1,2000,2000,20,0,50,39.919305,41.694054,0.005,4.850,6.1,4.882
K,20,2,2000,2000,50,20,1,3,0.1,1,0,0.3,2,2000,2000,20,0,50,39.540833,40.862855,0.003,6.316,6.1,6.337
K,20,3,2000,2000,50,20,1,3,0.1,1,0,0.3,3,2000,2000,20,0,50,39.066088,40.504461,0.003,5.722,6.1,5.749
K,20,4,2000,2000,50,20,1,3,0.1,1,0,0.3,4,2000,2000,20,0,50,39.623806,40.295868,0.006,5.941,6.1,5.976
K,20,5,2000,2000,50,20,1,3,0.1,1,0,0.3,5,2000,2000,20,0,50,39.208977,40.299502,0.005,5.925,6.1,5.954
alpha2,0.1,1,2000,2000,50,10,1,3,0.1,1,1,0.1,1,2000,2000,10,1,50,38.824992,41.694054,0.005,3.983,5.7,4.014
alpha2,0.1,2,2000,2000,50,10,1,3,0.1,1,1,0.1,2,2000,2000,10,1,50,38.710104,40.862855,0.005,3.997,5.7,4.027
alpha2,0.1,3,2000,2000,50,10,1,3,0.1,1,1,0.1,3,2000,2000,10,1,50,38.410013,40.504461,0.005,3.872,5.7,3.906
alpha2,0.1,4,2000,2000,50,10,1,3,0.1,1,1,0.1,4,2000,2000,10,1,50,39.040258,40.295868,0.003,3.937,5.7,3.958
alpha2,0.1,5,2000,2000,50,10,1,3,0.1,1,1,0.1,5,2000,2000,10,1,50,38.403399,40.299502,0.003,4.314,5.7,4.337
alpha2,0.3,1,2000,2000,50,10,1,3,0.1,1,1,0.3,1,2000,2000,10,1,50,38.156337,41.694054,0.003,4.070,5.7,4.096
alpha2,0.3,2,2000,2000,50,10,1,3,0.1,1,1,0.3,2,2000,2000,10,1,50,38.299087,40.862855,0.005,3.907,5.7,3.941
alpha2,0.3,3,2000,2000,50,10,1,3,0.1,1,1,0.3,3,2000,2000,10,1,50,37.441573,40.504461,0.004,3.884,5.7,3.916
alpha2,0.3,4,2000,2000,50,10,1,3,0.1,1,1,0.3,4,2000,2000,10,1,50,38.428361,40.295868,0.005,3.954,5.7,3.987
alpha2,0.3,5,2000,2000,50,10,1,3,0.1,1,1,0.3,5,2000,2000,10,1,50,37.747263,40.299502,0.004,3.702,5.7,3.729
alpha2,0.5,1,2000,2000,50,10,1,3,0.1,1,1,0.5,1,2000,2000,10,1,50,38.284710,41.694054,0.005,3.643,5.8,3.679
alpha2,0.5,2,2000,2000,50,10,1,3,0.1,1,1,0.5,2,2000,2000,10,1,50,37.998090,40.862855,0.005,3.949,5.7,3.979
alpha2,0.5,3,2000,2000,50,10,1,3,0.1,1,1,0.5,3,2000,2000,10,1,50,37.340086,40.504461,0.005,3.746,5.7,3.778
alpha2,0.5,4,2000,2000,50,10,1,3,0.1,1,1,0.5,4,2000,2000,10,1,50,38.127177,40.295868,0.004,3.786,5.7,3.812
alpha2,0.5,5,2000,2000,50,10,1,3,0.1,1,1,0.5,5,2000,2000,10,1,50,37.462771,40.299502,0.005,3.738,5.7,3.770
alpha2,1.0,1,2000,2000,50,10,1,3,0.1,1,1,1.0,1,2000,2000,10,1,50,37.708398,41.694054,0.005,3.795,5.7,3.829
alpha2,1.0,2,2000,2000,50,10,1,3,0.1,1,1,1.0,2,2000,2000,10,1,50,38.136982,40.862855,0.005,5.339,5.7,5.371
alpha2,1.0,3,2000,2000,50,10,1,3,0.1,1,1,1.0,3,2000,2000,10,1,50,37.010386,40.504461,0.005,3.579,5.7,3.612
alpha2,1.0,4,2000,2000,50,10,1,3,0.1,1,1,1.0,4,2000,2000,10,1,50,37.553036,40.295868,0.003,4.205,5.7,4.231
alpha2,1.0,5,2000,2000,50,10,1,3,0.1,1,1,1.0,5,2000,2000,10,1,50,37.416542,40.299502,0.003,3.752,5.7,3.774
