parametro_barrido,valor_barrido,seed_meta,n,iters,K,alpha,beta,rho,qfac,two,ants,seed,n,m_csv,K_csv,two_csv,iters_hechas,L_mejor,L_nn,t_preparacion,t_aco,pico_mem_mb,t_reloj_total_s
m,10,1,2000,50,10,1,3,0.1,1,0,10,1,2000,10,10,0,50,39.937252,41.694054,0.003,0.056,5.7,0.080
m,10,2,2000,50,10,1,3,0.1,1,0,10,2,2000,10,10,0,50,39.712237,40.862855,0.004,0.058,5.7,0.081
m,10,3,2000,50,10,1,3,0.1,1,0,10,3,2000,10,10,0,50,39.711833,40.504461,0.003,0.057,5.7,0.079
m,10,4,2000,50,10,1,3,0.1,1,0,10,4,2000,10,10,0,50,40.024442,40.295868,0.003,0.060,5.7,0.082
m,10,5,2000,50,10,1,3,0.1,1,0,10,5,2000,10,10,0,50,39.793456,40.299502,0.003,0.058,5.7,0.080
m,100,1,2000,50,10,1,3,0.1,1,0,100,1,2000,100,10,0,50,39.796428,41.694054,0.004,0.250,5.7,0.275
m,100,2,2000,50,10,1,3,0.1,1,0,100,2,2000,100,10,0,50,39.488218,40.862855,0.003,0.228,5.7,0.247
m,100,3,2000,50,10,1,3,0.1,1,0,100,3,2000,100,10,0,50,39.021310,40.504461,0.005,0.251,5.7,0.280
m,100,4,2000,50,10,1,3,0.1,1,0,100,4,2000,100,10,0,50,39.785504,40.295868,0.003,0.222,5.7,0.241
m,100,5,2000,50,10,1,3,0.1,1,0,100,5,2000,100,10,0,50,39.049148,40.299502,0.003,0.214,5.7,0.233
m,1000,1,2000,50,10,1,3,0.1,1,0,1000,1,2000,1000,10,0,50,39.575294,41.694054,0.003,1.988,5.7,2.006
m,1000,2,2000,50,10,1,3,0.1,1,0,1000,2,2000,1000,10,0,50,39.339108,40.862855,0.004,1.863,5.7,1.886
m,1000,3,2000,50,10,1,3,0.1,1,0,1000,3,2000,1000,10,0,50,38.924247,40.504461,0.003,1.668,5.7,1.687
m,1000,4,2000,50,10,1,3,0.1,1,0,1000,4,2000,1000,10,0,50,39.597373,40.295868,0.005,1.789,5.7,1.822
m,1000,5,2000,50,10,1,3,0.1,1,0,1000,5,2000,1000,10,0,50,39.054020,40.299502,0.002,1.789,5.7,1.807
m,2000,1,2000,50,10,1,3,0.1,1,0,2000,1,2000,2000,10,0,50,39.242790,41.694054,0.002,4.039,5.7,4.058
m,2000,2,2000,50,10,1,3,0.1,1,0,2000,2,2000,2000,10,0,50,39.168356,40.862855,0.005,4.082,5.6,4.117
m,2000,3,2000,50,10,1,3,0.1,1,0,2000,3,2000,2000,10,0,50,38.687467,40.504461,0.005,3.930,5.6,3.961
m,2000,4,2000,50,10,1,3,0.1,1,0,2000,4,2000,2000,10,0,50,39.189377,40.295868,0.005,3.999,5.7,4.032
m,2000,5,2000,50,10,1,3,0.1,1,0,2000,5,2000,2000,10,0,50,38.882406,40.299502,0.005,4.019,5.6,4.052
m,20000,1,2000,50,10,1,3,0.1,1,0,20000,1,2000,20000,10,0,50,39.192755,41.694054,0.005,60.574,5.7,60.606
m,20000,2,2000,50,10,1,3,0.1,1,0,20000,2,2000,20000,10,0,50,38.997216,40.862855,0.003,64.534,5.7,64.555
m,20000,3,2000,50,10,1,3,0.1,1,0,20000,3,2000,20000,10,0,50,38.423115,40.504461,0.005,64.629,5.7,64.681
m,20000,4,2000,50,10,1,3,0.1,1,0,20000,4,2000,20000,10,0,50,39.203489,40.295868,0.005,64.142,5.7,64.175
m,20000,5,2000,50,10,1,3,0.1,1,0,20000,5,2000,20000,10,0,50,38.655993,40.299502,0.005,59.660,5.7,59.697
