parametro_barrido,valor_barrido,seed_meta,n,ants,K,alpha,beta,rho,qfac,two,iters,seed,n,m_csv,K_csv,two_csv,iters_hechas,L_mejor,L_nn,t_preparacion,t_aco,pico_mem_mb,t_reloj_total_s
criterio_parada,iteraciones=50,1,2000,2000,10,1,3,0.1,1,0,50,1,2000,2000,10,0,50,39.165884,41.694054,0.006,6.027,5.7,6.063
criterio_parada,iteraciones=50,2,2000,2000,10,1,3,0.1,1,0,50,2,2000,2000,10,0,50,39.099689,40.862855,0.006,6.844,5.7,6.879
criterio_parada,iteraciones=50,3,2000,2000,10,1,3,0.1,1,0,50,3,2000,2000,10,0,50,38.629694,40.504461,0.007,6.941,5.7,6.977
criterio_parada,iteraciones=50,4,2000,2000,10,1,3,0.1,1,0,50,4,2000,2000,10,0,50,39.269370,40.295868,0.006,6.975,5.7,7.014
criterio_parada,iteraciones=50,5,2000,2000,10,1,3,0.1,1,0,50,5,2000,2000,10,0,50,38.907959,40.299502,0.006,7.028,5.7,7.066
criterio_parada,tiempo=5s,1,2000,2000,10,1,3,0.1,1,0,1000,1,2000,2000,10,0,37,39.630358,41.694054,0.007,5.078,5.7,5.117
criterio_parada,tiempo=5s,2,2000,2000,10,1,3,0.1,1,0,1000,2,2000,2000,10,0,36,39.384268,40.862855,0.008,5.019,5.7,5.073
criterio_parada,tiempo=5s,3,2000,2000,10,1,3,0.1,1,0,1000,3,2000,2000,10,0,36,39.094407,40.504461,0.006,5.128,5.6,5.173
criterio_parada,tiempo=5s,4,2000,2000,10,1,3,0.1,1,0,1000,4,2000,2000,10,0,45,39.491644,40.295868,0.006,5.124,5.7,5.163
criterio_parada,tiempo=5s,5,2000,2000,10,1,3,0.1,1,0,1000,5,2000,2000,10,0,36,38.947462,40.299502,0.006,5.016,5.7,5.049
criterio_parada,stall=10,1,2000,2000,10,1,3,0.1,1,0,1000,1,2000,2000,10,0,61,39.210950,41.694054,0.006,8.377,5.7,8.418
criterio_parada,stall=10,2,2000,2000,10,1,3,0.1,1,0,1000,2,2000,2000,10,0,89,38.780879,40.862855,0.003,12.415,5.7,12.438
criterio_parada,stall=10,3,2000,2000,10,1,3,0.1,1,0,1000,3,2000,2000,10,0,61,38.606069,40.504461,0.006,8.261,5.6,8.295
criterio_parada,stall=10,4,2000,2000,10,1,3,0.1,1,0,1000,4,2000,2000,10,0,47,39.400812,40.295868,0.007,6.690,5.6,6.729
criterio_parada,stall=10,5,2000,2000,10,1,3,0.1,1,0,1000,5,2000,2000,10,0,68,38.508363,40.299502,0.005,9.364,5.7,9.399
