seed,iter,mejor_iter,mejor_global,media_hormigas,t_iter_s,t_total_s
1,1,41.9303,41.9303,43.7954,0.049,0.049
1,2,40.0711,40.0711,41.8609,0.055,0.105
1,3,39.4595,39.4595,41.2363,0.058,0.162
1,4,39.0657,39.0657,41.006,0.059,0.222
1,5,39.1815,39.0657,40.7773,0.059,0.281
1,6,39.0295,39.0295,40.6793,0.06,0.34
1,7,38.8131,38.8131,40.5496,0.059,0.399
1,8,38.8348,38.8131,40.4689,0.061,0.46
1,9,38.913,38.8131,40.3972,0.06,0.52
1,10,38.6702,38.6702,40.3636,0.059,0.579
1,11,38.7725,38.6702,40.3254,0.06,0.639
1,12,38.5318,38.5318,40.274,0.059,0.697
1,13,38.328,38.328,40.2171,0.059,0.756
1,14,38.6623,38.328,40.1606,0.059,0.815
1,15,38.4874,38.328,40.1398,0.059,0.875
1,16,38.6405,38.328,40.0878,0.06,0.935
1,17,38.3967,38.328,40.065,0.06,0.995
1,18,38.462,38.328,40.0658,0.065,1.059
1,19,38.266,38.266,40.0299,0.061,1.12
1,20,38.478,38.266,40.0041,0.06,1.18
1,21,38.2686,38.266,39.9632,0.059,1.239
1,22,38.315,38.266,39.9342,0.058,1.297
1,23,38.1646,38.1646,39.9293,0.06,1.357
1,24,38.4247,38.1646,39.9062,0.059,1.416
1,25,38.457,38.1646,39.9206,0.06,1.476
1,26,38.0827,38.0827,39.9247,0.059,1.535
1,27,38.1415,38.0827,39.8614,0.06,1.596
1,28,38.1945,38.0827,39.8776,0.059,1.655
1,29,38.2275,38.0827,39.8662,0.059,1.714
1,30,38.3014,38.0827,39.8373,0.061,1.774
1,31,38.2564,38.0827,39.838,0.059,1.833
1,32,38.4714,38.0827,39.8286,0.06,1.893
1,33,38.1951,38.0827,39.8464,0.059,1.952
1,34,38.1383,38.0827,39.8328,0.058,2.01
1,35,37.9942,37.9942,39.8445,0.059,2.069
1,36,38.1336,37.9942,39.8572,0.059,2.128
1,37,38.1943,37.9942,39.8685,0.059,2.187
1,38,38.1979,37.9942,39.8681,0.059,2.246
1,39,38.254,37.9942,39.8597,0.058,2.304
1,40,38.1093,37.9942,39.8422,0.06,2.364
1,41,38.0829,37.9942,39.8355,0.06,2.424
1,42,38.206,37.9942,39.8493,0.059,2.483
1,43,38.0571,37.9942,39.8161,0.059,2.542
1,44,38.0949,37.9942,39.8258,0.059,2.602
1,45,38.0989,37.9942,39.8278,0.059,2.66
1,46,38.0836,37.9942,39.8197,0.059,2.719
1,47,38.1216,37.9942,39.8376,0.059,2.779
1,48,37.957,37.957,39.7861,0.059,2.838
1,49,38.0117,37.957,39.8253,0.059,2.898
1,50,38.0233,37.957,39.8044,0.059,2.956
1,51,37.9857,37.957,39.785,0.06,3.016
1,52,38.033,37.957,39.7779,0.059,3.074
1,53,37.9888,37.957,39.7916,0.06,3.134
1,54,37.9888,37.957,39.7666,0.061,3.195
1,55,37.9595,37.957,39.7978,0.061,3.256
1,56,37.9663,37.957,39.7858,0.06,3.316
1,57,37.9595,37.957,39.7889,0.061,3.378
1,58,37.9595,37.957,39.7831,0.059,3.437
1,59,37.947,37.947,39.7728,0.059,3.496
1,60,37.9716,37.947,39.7673,0.059,3.555
1,61,37.947,37.947,39.7663,0.06,3.615
1,62,37.945,37.945,39.7366,0.058,3.672
1,63,37.9645,37.945,39.7692,0.059,3.732
1,64,37.9561,37.945,39.8098,0.06,3.792
1,65,37.9635,37.945,39.8328,0.059,3.851
1,66,38.0138,37.945,39.8269,0.063,3.915
1,67,37.907,37.907,39.8227,0.059,3.974
1,68,37.9504,37.907,39.7992,0.06,4.033
1,69,37.8837,37.8837,39.8004,0.06,4.093
1,70,37.9854,37.8837,39.7883,0.059,4.152
1,71,37.9071,37.8837,39.796,0.059,4.211
1,72,37.896,37.8837,39.794,0.058,4.27
1,73,37.8837,37.8837,39.7705,0.059,4.329
1,74,37.9129,37.8837,39.7723,0.06,4.389
1,75,37.907,37.8837,39.7428,0.06,4.449
1,76,37.8837,37.8837,39.724,0.06,4.509
1,77,37.9226,37.8837,39.7056,0.06,4.569
1,78,37.801,37.801,39.7078,0.06,4.629
1,79,37.8022,37.801,39.6793,0.061,4.691
1,80,37.8011,37.801,39.6885,0.06,4.751
2,1,41.6115,41.6115,43.5705,0.063,0.063
2,2,39.6594,39.6594,41.6205,0.064,0.127
2,3,39.0833,39.0833,40.9875,0.063,0.189
2,4,38.3712,38.3712,40.7188,0.063,0.253
2,5,38.467,38.3712,40.6217,0.061,0.314
2,6,38.8543,38.3712,40.5067,0.063,0.377
2,7,38.9682,38.3712,40.4713,0.062,0.44
2,8,38.4164,38.3712,40.4016,0.062,0.502
2,9,38.6865,38.3712,40.3381,0.063,0.564
2,10,38.6928,38.3712,40.2782,0.063,0.628
2,11,38.6313,38.3712,40.2457,0.064,0.691
2,12,38.5055,38.3712,40.1913,0.062,0.754
2,13,38.7386,38.3712,40.1553,0.062,0.816
2,14,38.39,38.3712,40.0917,0.062,0.878
2,15,38.5642,38.3712,40.0715,0.062,0.94
2,16,38.3293,38.3293,40.0425,0.062,1.002
2,17,38.2793,38.2793,40.0023,0.062,1.065
2,18,38.1116,38.1116,39.9627,0.061,1.126
2,19,37.958,37.958,39.9258,0.061,1.187
2,20,38.1894,37.958,39.9131,0.062,1.249
2,21,38.0345,37.958,39.8794,0.062,1.311
2,22,38.0133,37.958,39.8539,0.062,1.372
2,23,38.079,37.958,39.827,0.062,1.434
2,24,38.1024,37.958,39.8279,0.062,1.496
2,25,38.0372,37.958,39.8155,0.062,1.557
2,26,37.9607,37.958,39.7674,0.062,1.619
2,27,37.8837,37.8837,39.7545,0.061,1.681
2,28,38.0232,37.8837,39.7341,0.061,1.742
2,29,37.9264,37.8837,39.6837,0.062,1.804
2,30,37.9667,37.8837,39.7013,0.062,1.866
2,31,38.0485,37.8837,39.664,0.061,1.927
2,32,37.989,37.8837,39.6784,0.061,1.989
2,33,37.8335,37.8335,39.6853,0.06,2.049
2,34,37.884,37.8335,39.7046,0.061,2.11
2,35,37.8279,37.8279,39.696,0.062,2.172
2,36,37.9136,37.8279,39.6804,0.062,2.233
2,37,37.7484,37.7484,39.7168,0.061,2.295
2,38,37.7575,37.7484,39.7523,0.062,2.356
2,39,37.9352,37.7484,39.7031,0.062,2.418
2,40,37.7691,37.7484,39.7217,0.062,2.48
2,41,37.8447,37.7484,39.746,0.06,2.54
2,42,37.755,37.7484,39.7123,0.063,2.603
2,43,37.7882,37.7484,39.7571,0.062,2.665
2,44,37.7818,37.7484,39.7593,0.061,2.727
2,45,37.7973,37.7484,39.7854,0.062,2.789
2,46,37.7404,37.7404,39.8017,0.061,2.851
2,47,37.7882,37.7404,39.7932,0.062,2.913
2,48,37.7408,37.7404,39.7641,0.062,2.975
2,49,37.7781,37.7404,39.7424,0.062,3.037
2,50,37.6933,37.6933,39.7181,0.064,3.101
2,51,37.7919,37.6933,39.7271,0.062,3.163
2,52,37.7376,37.6933,39.6896,0.062,3.225
2,53,37.7745,37.6933,39.7018,0.061,3.287
2,54,37.6933,37.6933,39.7085,0.061,3.348
2,55,37.6933,37.6933,39.6994,0.06,3.408
2,56,37.7781,37.6933,39.7388,0.062,3.47
2,57,37.6933,37.6933,39.7532,0.061,3.531
2,58,37.7408,37.6933,39.7347,0.063,3.594
2,59,37.7683,37.6933,39.7271,0.061,3.655
2,60,37.7784,37.6933,39.7916,0.062,3.717
2,61,37.7745,37.6933,39.8211,0.06,3.777
2,62,37.6933,37.6933,39.7839,0.061,3.839
2,63,37.7014,37.6933,39.8099,0.062,3.901
2,64,37.6933,37.6933,39.8076,0.062,3.963
2,65,37.6933,37.6933,39.8573,0.062,4.025
2,66,37.7755,37.6933,39.822,0.063,4.088
2,67,37.7745,37.6933,39.889,0.062,4.149
2,68,37.6933,37.6933,39.8021,0.06,4.21
2,69,37.7766,37.6933,39.8131,0.062,4.272
2,70,37.7766,37.6933,39.8206,0.062,4.333
2,71,37.6933,37.6933,39.8461,0.062,4.395
2,72,37.6933,37.6933,39.85,0.063,4.458
2,73,37.8188,37.6933,39.7924,0.063,4.521
2,74,37.6933,37.6933,39.7886,0.062,4.583
2,75,37.6933,37.6933,39.8169,0.061,4.644
2,76,37.6933,37.6933,39.8357,0.061,4.705
2,77,37.6933,37.6933,39.7946,0.062,4.767
2,78,37.6933,37.6933,39.8087,0.062,4.829
2,79,37.6933,37.6933,39.8335,0.063,4.892
2,80,37.6933,37.6933,39.8167,0.061,4.953
3,1,40.8924,40.8924,43.2082,0.067,0.067
3,2,39.2436,39.2436,41.2275,0.065,0.132
3,3,38.7406,38.7406,40.4057,0.062,0.194
3,4,38.2424,38.2424,39.9962,0.061,0.255
3,5,38.0707,38.0707,39.799,0.06,0.316
3,6,37.995,37.995,39.5787,0.06,0.375
3,7,37.5295,37.5295,39.4626,0.06,0.435
3,8,37.6957,37.5295,39.3936,0.059,0.495
3,9,37.8968,37.5295,39.3223,0.06,0.555
3,10,37.5569,37.5295,39.2504,0.058,0.613
3,11,37.6017,37.5295,39.2086,0.059,0.673
3,12,37.2615,37.2615,39.1806,0.06,0.733
3,13,37.1286,37.1286,39.1333,0.059,0.792
3,14,37.4232,37.1286,39.0738,0.059,0.851
3,15,37.3266,37.1286,39.0511,0.06,0.91
3,16,37.5293,37.1286,39.0362,0.059,0.969
3,17,37.2291,37.1286,38.9935,0.059,1.028
3,18,37.2931,37.1286,38.9771,0.059,1.086
3,19,37.0504,37.0504,38.9002,0.059,1.145
3,20,37.1544,37.0504,38.8944,0.058,1.203
3,21,36.9419,36.9419,38.8367,0.058,1.261
3,22,36.9428,36.9419,38.7976,0.057,1.318
3,23,37.1553,36.9419,38.7487,0.058,1.377
3,24,36.92,36.92,38.7522,0.059,1.436
3,25,36.8304,36.8304,38.6834,0.058,1.494
3,26,36.7453,36.7453,38.6383,0.058,1.552
3,27,36.7687,36.7453,38.6403,0.058,1.61
3,28,36.775,36.7453,38.5833,0.057,1.668
3,29,36.7543,36.7453,38.5535,0.057,1.725
3,30,36.7356,36.7356,38.5536,0.058,1.783
3,31,36.6681,36.6681,38.4682,0.058,1.841
3,32,36.6971,36.6681,38.4807,0.059,1.9
3,33,36.7382,36.6681,38.4224,0.058,1.958
3,34,36.716,36.6681,38.4418,0.059,2.017
3,35,36.6522,36.6522,38.4002,0.059,2.076
3,36,36.6832,36.6522,38.3939,0.059,2.135
3,37,36.6789,36.6522,38.4211,0.057,2.192
3,38,36.6603,36.6522,38.409,0.057,2.25
3,39,36.6668,36.6522,38.4448,0.058,2.308
3,40,36.6086,36.6086,38.4452,0.058,2.366
3,41,36.6707,36.6086,38.4222,0.058,2.424
3,42,36.6879,36.6086,38.4711,0.057,2.481
3,43,36.6732,36.6086,38.4638,0.059,2.54
3,44,36.6663,36.6086,38.5031,0.057,2.597
3,45,36.6468,36.6086,38.4972,0.057,2.654
3,46,36.6888,36.6086,38.5136,0.057,2.712
3,47,36.6556,36.6086,38.5398,0.056,2.768
3,48,36.6732,36.6086,38.5342,0.059,2.827
3,49,36.5822,36.5822,38.5676,0.058,2.885
3,50,36.5822,36.5822,38.5435,0.058,2.942
3,51,36.6707,36.5822,38.5375,0.058,3.0
3,52,36.5869,36.5822,38.5512,0.057,3.057
3,53,36.6025,36.5822,38.5493,0.058,3.115
3,54,36.6072,36.5822,38.5135,0.056,3.171
3,55,36.6511,36.5822,38.5309,0.059,3.23
3,56,36.6072,36.5822,38.5171,0.058,3.288
3,57,36.5605,36.5605,38.5069,0.057,3.345
3,58,36.6651,36.5605,38.4858,0.058,3.403
3,59,36.6124,36.5605,38.5253,0.059,3.463
3,60,36.5822,36.5605,38.5115,0.057,3.52
3,61,36.6353,36.5605,38.5235,0.057,3.577
3,62,36.3474,36.3474,38.5213,0.058,3.635
3,63,36.5605,36.3474,38.4869,0.058,3.693
3,64,36.576,36.3474,38.4948,0.057,3.75
3,65,36.576,36.3474,38.479,0.057,3.807
3,66,36.5605,36.3474,38.4859,0.059,3.866
3,67,36.6627,36.3474,38.4413,0.058,3.923
3,68,36.5752,36.3474,38.4487,0.058,3.982
3,69,36.4898,36.3474,38.4115,0.059,4.04
3,70,36.3474,36.3474,38.4477,0.059,4.099
3,71,36.6383,36.3474,38.4155,0.058,4.157
3,72,36.5752,36.3474,38.4334,0.056,4.213
3,73,36.5733,36.3474,38.422,0.058,4.271
3,74,36.3474,36.3474,38.3941,0.058,4.329
3,75,36.4318,36.3474,38.3993,0.057,4.386
3,76,36.4764,36.3474,38.3909,0.058,4.444
3,77,36.5614,36.3474,38.4054,0.058,4.502
3,78,36.3348,36.3348,38.4053,0.056,4.558
3,79,36.3474,36.3348,38.4,0.058,4.616
3,80,36.3348,36.3348,38.4364,0.057,4.673
