version,n_meta,seed_meta,n,ants,iters,alpha,beta,rho,qfac,seed,n,m_csv,K_csv,two_csv,iters_hechas,L_mejor,L_nn,t_preparacion,t_aco,pico_mem_mb,t_reloj_total_s
densa,20,1,20,2048,5,1,3,0.1,1,1,20,2048,0,0,5,4.223252,5.230471,0.003,0.014,4.5,0.042
densa,20,2,20,2048,5,1,3,0.1,1,2,20,2048,0,0,5,4.269638,4.874668,0.002,0.014,4.5,0.036
densa,20,3,20,2048,5,1,3,0.1,1,3,20,2048,0,0,5,3.552618,3.711709,0.003,0.014,4.5,0.038
densa,200,1,200,2048,5,1,3,0.1,1,1,200,2048,0,0,5,17.455809,14.135191,0.003,0.249,5.3,0.273
densa,200,2,200,2048,5,1,3,0.1,1,2,200,2048,0,0,5,17.370890,14.068951,0.002,0.218,5.3,0.234
densa,200,3,200,2048,5,1,3,0.1,1,3,200,2048,0,0,5,17.425588,13.615514,0.002,0.212,5.3,0.234
densa,2000,1,2000,2048,5,1,3,0.1,1,1,2000,2048,0,0,5,80.281353,40.384107,0.008,30.617,82.0,30.739
densa,2000,2,2000,2048,5,1,3,0.1,1,2,2000,2048,0,0,5,81.534086,40.456118,0.013,31.305,81.8,31.580
densa,2000,3,2000,2048,5,1,3,0.1,1,3,2000,2048,0,0,5,80.126135,39.730378,0.009,29.314,82.0,29.448
