version,n_meta,seed_meta,n,ants,iters,K,alpha,beta,rho,qfac,two,seed,n,m_csv,K_csv,two_csv,iters_hechas,L_mejor,L_nn,t_preparacion,t_aco,pico_mem_mb,t_reloj_total_s
dispersa,20,1,20,2048,5,10,1,3,0.1,1,0,1,20,2048,10,0,5,4.190952,4.630675,0.004,0.018,4.5,0.048
dispersa,20,2,20,2048,5,10,1,3,0.1,1,0,2,20,2048,10,0,5,4.303309,4.906866,0.005,0.018,4.5,0.047
dispersa,20,3,20,2048,5,10,1,3,0.1,1,0,3,20,2048,10,0,5,3.537360,4.581666,0.008,0.028,4.5,0.068
dispersa,200,1,200,2048,5,10,1,3,0.1,1,0,1,200,2048,10,0,5,13.169595,13.710878,0.007,0.133,4.6,0.183
dispersa,200,2,200,2048,5,10,1,3,0.1,1,0,2,200,2048,10,0,5,12.705198,14.236368,0.007,0.132,4.7,0.175
dispersa,200,3,200,2048,5,10,1,3,0.1,1,0,3,200,2048,10,0,5,13.178071,13.782572,0.008,0.125,4.6,0.173
dispersa,2000,1,2000,2048,5,10,1,3,0.1,1,0,1,2000,2048,10,0,5,42.945528,41.694054,0.010,0.786,5.7,0.838
dispersa,2000,2,2000,2048,5,10,1,3,0.1,1,0,2,2000,2048,10,0,5,43.158660,40.862855,0.006,0.743,5.7,0.776
dispersa,2000,3,2000,2048,5,10,1,3,0.1,1,0,3,2000,2048,10,0,5,42.324848,40.504461,0.006,0.719,5.7,0.750
dispersa,20000,1,20000,2048,5,10,1,3,0.1,1,0,1,20000,2048,10,0,5,137.106279,126.655297,0.015,7.261,14.6,7.320
dispersa,20000,2,20000,2048,5,10,1,3,0.1,1,0,2,20000,2048,10,0,5,136.995939,124.863191,0.018,7.617,14.6,7.691
dispersa,20000,3,20000,2048,5,10,1,3,0.1,1,0,3,20000,2048,10,0,5,137.082531,126.279955,0.020,7.578,14.6,7.654
dispersa,200000,1,200000,2048,5,10,1,3,0.1,1,0,1,200000,2048,10,0,5,433.362810,392.951184,0.138,87.260,105.4,87.646
dispersa,200000,2,200000,2048,5,10,1,3,0.1,1,0,2,200000,2048,10,0,5,434.391977,392.387479,0.146,87.642,105.4,87.989
dispersa,200000,3,200000,2048,5,10,1,3,0.1,1,0,3,200000,2048,10,0,5,433.223904,391.653776,0.100,81.882,105.4,82.113
