rho,qfac,seed,L_mejor
0.05,0.5,1,37.9171
0.05,0.5,2,37.89847
0.05,0.5,3,37.08478
0.05,1,1,37.54904
0.05,1,2,37.71767
0.05,1,3,37.36225
0.05,3,1,37.75069
0.05,3,2,37.72164
0.05,3,3,37.20355
0.05,10,1,38.31582
0.05,10,2,38.04702
0.05,10,3,37.57776
0.1,0.5,1,37.42244
0.1,0.5,2,37.66562
0.1,0.5,3,36.89582
0.1,1,1,37.93156
0.1,1,2,37.53012
0.1,1,3,36.88999
0.1,3,1,38.03652
0.1,3,2,37.672
0.1,3,3,37.17565
0.1,10,1,38.30089
0.1,10,2,37.95596
0.1,10,3,37.48525
0.3,0.5,1,37.77537
0.3,0.5,2,37.17031
0.3,0.5,3,36.79985
0.3,1,1,37.6287
0.3,1,2,37.88382
0.3,1,3,36.99496
0.3,3,1,37.71795
0.3,3,2,37.52501
0.3,3,3,37.45367
0.3,10,1,38.11951
0.3,10,2,37.60786
0.3,10,3,37.42928
0.5,0.5,1,37.95876
0.5,0.5,2,37.64533
0.5,0.5,3,36.43814
0.5,1,1,37.4835
0.5,1,2,37.46117
0.5,1,3,36.87761
0.5,3,1,38.01948
0.5,3,2,37.37309
0.5,3,3,37.40065
0.5,10,1,38.15075
0.5,10,2,37.46865
0.5,10,3,37.11225
