alpha,beta,seed,L_mejor
0.5,1,1,41.88173
0.5,1,2,41.57583
0.5,1,3,41.46752
0.5,2,1,39.44596
0.5,2,2,38.70868
0.5,2,3,39.11579
0.5,3,1,38.69809
0.5,3,2,38.76272
0.5,3,3,38.04798
0.5,5,1,38.22695
0.5,5,2,37.529
0.5,5,3,37.70253
0.5,8,1,37.79718
0.5,8,2,37.61718
0.5,8,3,37.85439
1,1,1,41.42895
1,1,2,41.28203
1,1,3,40.41263
1,2,1,38.8128
1,2,2,38.95719
1,2,3,38.40753
1,3,1,38.65844
1,3,2,38.26837
1,3,3,37.76207
1,5,1,37.92763
1,5,2,37.58881
1,5,3,37.01281
1,8,1,37.54454
1,8,2,37.10349
1,8,3,36.62468
1.5,1,1,41.26546
1.5,1,2,41.42462
1.5,1,3,40.69909
1.5,2,1,39.04904
1.5,2,2,38.46013
1.5,2,3,38.47753
1.5,3,1,38.45387
1.5,3,2,38.4079
1.5,3,3,37.21121
1.5,5,1,37.54063
1.5,5,2,37.48825
1.5,5,3,36.77791
1.5,8,1,37.52113
1.5,8,2,38.01558
1.5,8,3,36.96652
2,1,1,41.03692
2,1,2,41.22235
2,1,3,40.72412
2,2,1,38.6431
2,2,2,38.59014
2,2,3,38.07687
2,3,1,37.9585
2,3,2,38.44106
2,3,3,37.90895
2,5,1,37.41176
2,5,2,37.4761
2,5,3,36.56735
2,8,1,37.4726
2,8,2,37.20182
2,8,3,36.86845
