configuracion,seed,L_mejor,n,ants,iters,K,alpha,beta,rho,qfac,two,alpha2
referencia,1,38.00428,2000,2000,50,8,1.5,5,0.1,3,0,
referencia,2,38.24156,2000,2000,50,8,1.5,5,0.1,3,0,
referencia,3,37.63806,2000,2000,50,8,1.5,5,0.1,3,0,
referencia,4,38.02201,2000,2000,50,8,1.5,5,0.1,3,0,
referencia,5,37.61891,2000,2000,50,8,1.5,5,0.1,3,0,
referencia,6,38.06665,2000,2000,50,8,1.5,5,0.1,3,0,
referencia,7,38.10911,2000,2000,50,8,1.5,5,0.1,3,0,
referencia,8,37.819,2000,2000,50,8,1.5,5,0.1,3,0,
candidata_a_individuales,1,38.62276,2000,2000,50,5,2.0,8,0.5,10,0,
candidata_a_individuales,2,38.42094,2000,2000,50,5,2.0,8,0.5,10,0,
candidata_a_individuales,3,37.39382,2000,2000,50,5,2.0,8,0.5,10,0,
candidata_a_individuales,4,38.29354,2000,2000,50,5,2.0,8,0.5,10,0,
candidata_a_individuales,5,37.67646,2000,2000,50,5,2.0,8,0.5,10,0,
candidata_a_individuales,6,38.4593,2000,2000,50,5,2.0,8,0.5,10,0,
candidata_a_individuales,7,38.29172,2000,2000,50,5,2.0,8,0.5,10,0,
candidata_a_individuales,8,38.07463,2000,2000,50,5,2.0,8,0.5,10,0,
candidata_b_segunda_feromona,1,37.56918,2000,2000,50,8,1.5,5,0.1,3,1,1.0
candidata_b_segunda_feromona,2,37.31935,2000,2000,50,8,1.5,5,0.1,3,1,1.0
candidata_b_segunda_feromona,3,36.93911,2000,2000,50,8,1.5,5,0.1,3,1,1.0
candidata_b_segunda_feromona,4,37.64824,2000,2000,50,8,1.5,5,0.1,3,1,1.0
candidata_b_segunda_feromona,5,37.27188,2000,2000,50,8,1.5,5,0.1,3,1,1.0
candidata_b_segunda_feromona,6,38.00469,2000,2000,50,8,1.5,5,0.1,3,1,1.0
candidata_b_segunda_feromona,7,37.89449,2000,2000,50,8,1.5,5,0.1,3,1,1.0
candidata_b_segunda_feromona,8,37.32049,2000,2000,50,8,1.5,5,0.1,3,1,1.0
